{
    "accuracy": 0.7867694283879255,
    "precision": 0.7755102040816326,
    "recall": 0.7958115183246073,
    "auc": 0.8704922984491261
}